answer_name,nba_person_id,nba_name
. Dwight Howard,2730,Dwight Howard
. Dwyane Wade,2548,Dwyane Wade
A.J. Griffin,1631100,AJ Griffin
Aaron Brooks,201166,Aaron Brooks
Aaron Gordon,203932,Aaron Gordon
Aaron McKie,243,Aaron McKie
Ace Bailey,1642846,Ace Bailey
Adam Morrison,200747,Adam Morrison
Adou Thiero,1642876,Adou Thiero
Adrian Griffin,1559,Adrian Griffin
Al Harrington,1733,Al Harrington
Al Horford,201143,Al Horford
Al Jefferson,2744,Al Jefferson
Al Thornton,201154,Al Thornton
Al-Farouq Aminu,202329,Al-Farouq Aminu
Alec Burks,202692,Alec Burks
Alex Caruso,1627936,Alex Caruso
Alex Sarr,1642259,Alex Sarr
Alexey Shved,203144,Alexey Shved
Alexis Ajinca,201582,Alexis Ajinca
Allan Houston,275,Allan Houston
Allen Crabbe,203459,Allen Crabbe
Allen Iverson,947,Allen Iverson
Alonzo Mourning,297,Alonzo Mourning
Alperen Sengun,1630578,Alperen Sengun
Amare Stoudemire,2405,Amar'e Stoudemire
Amen Thompson,1641708,Amen Thompson
Amir Johnson,101161,Amir Johnson
Anderson Varejao,2760,Anderson Varejao
Andre Bynum,101115,Andrew Bynum
Andre Drummond,203083,Andre Drummond
Andre Iguodala,2738,Andre Iguodala
Andre Miller,1889,Andre Miller
Andre Roberson,203460,Andre Roberson
Andrea Bargnani,200745,Andrea Bargnani
Andrei Kirilenko,1905,Andrei Kirilenko
Andres Biedrins,2740,Andris Biedrins
Andres Nocioni,2804,Andres Nocioni
Andrew Bogut,101106,Andrew Bogut
Andrew Bynum,101115,Andrew Bynum
Andrew Nembhard,1629614,Andrew Nembhard
Andrew Nicholson,203094,Andrew Nicholson
Andrew Wiggins,203952,Andrew Wiggins
Andris Biedrins,2740,Andris Biedrins
Anfernee Simons,1629014,Anfernee Simons
Antawn Jamison,1712,Antawn Jamison
Anthony Bennett,203461,Anthony Bennett
Anthony Carter,1853,Anthony Carter
Anthony Davis,203076,Anthony Davis
Anthony Edwards,1630162,Anthony Edwards
Anthony Johnson,1533,Anthony Johnson
Anthony Morrow,201627,Anthony Morrow
Anthony Parker,1515,Anthony Parker
Anthony Randolph,201576,Anthony Randolph
Antoine Walker,952,Antoine Walker
Antonio Daniels,1498,Antonio Daniels
Antonio Davis,213,Antonio Davis
Antonio McDyess,686,Antonio McDyess
Armel Traore,1642422,Armel Traore
Aron Baynes,203382,Aron Baynes
Arron Afflalo,201167,Arron Afflalo
Arvydas Macijauskas,101178,Arvydas Macijauskas
Arvydas Sabonis,717,Arvydas Sabonis
Asa Newell,1642854,Asa Newell
Ausar Thompson,1641709,Ausar Thompson
Austin Daye,201948,Austin Daye
Austin Rivers,203085,Austin Rivers
Avery Bradley,202340,Avery Bradley
Avery Johnson,422,Avery Johnson
Bam Adebayo,1628389,Bam Adebayo
Baron Davis,1884,Baron Davis
Baylor Scheierman,1631248,Baylor Scheierman
Ben Gordon,2732,Ben Gordon
Ben McLemore,203463,Ben McLemore
Ben Simmons,1627732,Ben Simmons
Ben Wallace,1112,Ben Wallace
Bennedict Mathurin,1631097,Bennedict Mathurin
Beno Udrih,2757,Beno Udrih
Bismack Biyombo,202687,Bismack Biyombo
Blake Griffin,201933,Blake Griffin
Bo Outlaw,448,Bo Outlaw
Boban Marjanovic,1626246,Boban Marjanovic
Bobby Jackson,1517,Bobby Jackson
Bobby Portis,1626171,Bobby Portis
Bobby Simmons,2250,Bobby Simmons
Bogdan Bogdanovic,203992,Bogdan Bogdanović
Bojan Bogdanovic,202711,Bojan Bogdanovic
Bol Bol,1629626,Bol Bol
Boris Diaw,2564,Boris Diaw
Bostjan Nachbar,2411,Bostjan Nachbar
Brad Miller,1802,Brad Miller
Bradley Beal,203078,Bradley Beal
Brandan Wright,201148,Brandan Wright
Brandin Podziemski,1641764,Brandin Podziemski
Brandon Bass,101138,Brandon Bass
Brandon Boston Jr.,1630527,Brandon Boston
Brandon Clarke,1629634,Brandon Clarke
Brandon Ingram,1627742,Brandon Ingram
Brandon Jennings,201943,Brandon Jennings
Brandon Knight,202688,Brandon Knight
Brandon Miller,1641706,Brandon Miller
Brandon Roy,200750,Brandon Roy
Brandon Rush,201575,Brandon Rush
Brendan Haywood,2217,Brendan Haywood
Brent Barry,699,Brent Barry
Brevin Knight,1510,Brevin Knight
Brian Cardinal,2073,Brian Cardinal
Brian Scalabrine,2243,Brian Scalabrine
Brice Sensabaugh,1641729,Brice Sensabaugh
Brook Lopez,201572,Brook Lopez
Brooks Barnhizer,1642964,Brooks Barnhizer
Bruce Bowen,1477,Bruce Bowen
Bruce Brown,1628971,Bruce Brown
Bub Carrington,1642267,Bub Carrington
Buddy Hield,1627741,Buddy Hield
C.J. McCollum,203468,CJ McCollum
CJ McCollum,203468,CJ McCollum
Cade Cunningham,1630595,Cade Cunningham
Caleb Martin,1628997,Caleb Martin
Caleb Swanigan,1628403,Caleb Swanigan
Cam Christie,1642353,Cam Christie
Cam Johnson,1629661,Cameron Johnson
Cam Thomas,1630560,Cam Thomas
Cam Whitmore,1641715,Cam Whitmore
Cameron Reddish,1629629,Cam Reddish
Caris LeVert,1627747,Caris LeVert
Carlos Arroyo,2306,Carlos Arroyo
Carlos Boozer,2430,Carlos Boozer
Carlos Delfino,2568,Carlos Delfino
Carmelo Anthony,2546,Carmelo Anthony
Caron Butler,2406,Caron Butler
Carter Bryant,1642868,Carter Bryant
Cedi Osman,1626224,Cedi Osman
Cedric Coward,1642907,Cedric Coward
Chandler Parsons,202718,Chandler Parsons
Channing Frye,101112,Channing Frye
Charles Jenkins,202724,Charles Jenkins
Charles Oakley,891,Charles Oakley
Charlie Villanueva,101111,Charlie Villanueva
Chauncey Billups,1497,Chauncey Billups
Cheick Diallo,1627767,Cheick Diallo
Chet Holmgren,1631096,Chet Holmgren
Chris Bosh,2547,Chris Bosh
Chris Duarte,1630537,Chris Duarte
Chris Duhon,2768,Chris Duhon
Chris Kaman,2549,Chris Kaman
Chris Paul,101108,Chris Paul
Chris Webber,185,Chris Webber
Christian Braun,1631128,Christian Braun
Christian Eyenga,201963,Christian Eyenga
Chuck Hayes,101236,Chuck Hayes
Cleanthony Early,203921,Cleanthony Early
Clifford Robinson,361,Clifford Robinson
Cody Williams,1642262,Cody Williams
Cody Zeller,203469,Cody Zeller
Cole Anthony,1630175,Cole Anthony
Collin Murray-Boyles,1642867,Collin Murray-Boyles
Collin Sexton,1629012,Collin Sexton
Cooper Flagg,1642843,Cooper Flagg
Corey Brewer,201147,Corey Brewer
Corey Maggette,1894,Corey Maggette
Courtney Alexander,2042,Courtney Alexander
Courtney Lee,201584,Courtney Lee
Craig Brackins,202342,Craig Brackins
Craig Smith,200783,Craig Smith
D.J. Strawberry,201199,DJ Strawberry
Dahntay Jones,2563,Dahntay Jones
Dajuan Wagner,2402,Dajuan Wagner
Dale Davis,905,Dale Davis
Dalton Knecht,1642261,Dalton Knecht
Damian Lillard,203081,Damian Lillard
Damion James,202345,Damion James
Damon Jones,1800,Damon Jones
Dan Gadzuric,2429,Dan Gadzuric
Daniel Gafford,1629655,Daniel Gafford
Danilo Gallinari,201568,Danilo Gallinari
Danny Fortson,1504,Danny Fortson
Danny Granger,101122,Danny Granger
Danny Green,201980,Danny Green
Danny Wolf,1642874,Danny Wolf
Dante Cunningham,201967,Dante Cunningham
Dante Exum,203957,Danté Exum
Dario Saric,203967,Dario Šarić
Darius Bazley,1629647,Darius Bazley
Darius Garland,1629636,Darius Garland
Darius Miles,2032,Darius Miles
Darius Morris,202721,Darius Morris
Darius Songaila,2443,Darius Songaila
Darko Milicic,2545,Darko Milicic
Darrell Armstrong,353,Darrell Armstrong
Darrell Arthur,201589,Darrell Arthur
Darren Collison,201954,Darren Collison
David Andersen,2431,David Andersen
David Lee,101135,David Lee
David West,2561,David West
Davion Mitchell,1630558,Davion Mitchell
DeAndre Ayton,1629028,Deandre Ayton
DeAndre Jordan,201599,DeAndre Jordan
DeJuan Blair,201971,DeJuan Blair
DeMar DeRozan,201942,DeMar DeRozan
DeMarcus Cousins,202326,DeMarcus Cousins
DeMarre Carroll,201960,DeMarre Carroll
DeSagana Diop,2205,DeSagana Diop
Deandre Ayton,1629028,Deandre Ayton
Dejounte Murray,1627749,Dejounte Murray
Dell Curry,209,Dell Curry
Delonte West,2753,Delonte West
Deni Avdija,1630166,Deni Avdija
Dennis Schroder,203471,Dennis Schröder
Dennis Smith Jr.,1628372,Dennis Smith Jr.
Denzel Valentine,1627756,Denzel Valentine
Dereck Lively II,1641726,Dereck Lively II
Derek Fisher,965,Derek Fisher
Deron Williams,101114,Deron Williams
Derrick Favors,202324,Derrick Favors
Derrick Jones Jr.,1627884,Derrick Jones Jr.
Derrick Rose,201565,Derrick Rose
Derrick White,1628401,Derrick White
Derrick Williams,202682,Derrick Williams
Desmond Bane,1630217,Desmond Bane
Desmond Mason,2046,Desmond Mason
Devin Booker,1626164,Devin Booker
Devin Carter,1642269,Devin Carter
Devin Ebanks,202365,Devin Ebanks
Devin Harris,2734,Devin Harris
Devin Vassell,1630170,Devin Vassell
Devonte’ Graham,1628984,Devonte' Graham
De’Aaron Fox,1628368,De'Aaron Fox
De’Andre Hunter,1629631,De'Andre Hunter
De’Anthony Melton,1629001,De'Anthony Melton
Dikembe Mutombo,87,Dikembe Mutombo
Dillon Brooks,1628415,Dillon Brooks
Dion Waiters,203079,Dion Waiters
Dirk Nowitzki,1717,Dirk Nowitzki
Domantas Sabonis,1627734,Domantas Sabonis
Donatas Motiejunas,202700,Donatas Motiejunas
Donovan Clingan,1642270,Donovan Clingan
Donovan Mitchell,1628378,Donovan Mitchell
Donte DiVincenzo,1628978,Donte DiVincenzo
Donyell Marshall,923,Donyell Marshall
Dorell Wright,2748,Dorell Wright
Dorian Finney-Smith,1627827,Dorian Finney-Smith
Doron Lamb,203117,Doron Lamb
Doug Christie,57,Doug Christie
Doug McDermott,203926,Doug McDermott
Dragan Bender,1627733,Dragan Bender
Draymond Green,203110,Draymond Green
Drew Gooden,2400,Drew Gooden
Duncan Robinson,1629130,Duncan Robinson
Dwight Howard,2730,Dwight Howard
Dwyane Wade,2548,Dwyane Wade
Dylan Harper,1642844,Dylan Harper
Dyson Daniels,1630700,Dyson Daniels
Dzanan Musa,1629058,Dzanan Musa
D’Angelo Russell,1626156,D'Angelo Russell
Earl Boykins,1863,Earl Boykins
Earl Clark,201947,Earl Clark
Earl Watson,2248,Earl Watson
Ed Davis,202334,Ed Davis
Eddie Griffin,2204,Eddie Griffin
Eddie House,2067,Eddie House
Eddy Curry,2201,Eddy Curry
Eduardo Najera,2059,Eduardo Najera
Edy Tavares,204002,Edy Tavares
Ekpe Udoh,202327,Ekpe Udoh
Elton Brand,1882,Elton Brand
Emeka Okafor,2731,Emeka Okafor
Emmanuel Mudiay,1626144,Emmanuel Mudiay
Emoni Bates,1641734,Emoni Bates
Enes Kanter,202683,Enes Freedom
Eric Bledsoe,202339,Eric Bledsoe
Eric Gordon,201569,Eric Gordon
Eric Snow,727,Eric Snow
Erick Dampier,956,Erick Dampier
Ersan Ilyasova,101141,Ersan Ilyasova
Evan Fournier,203095,Evan Fournier
Evan Mobley,1630596,Evan Mobley
Evan Turner,202323,Evan Turner
Fabricio Oberto,101177,Fabricio Oberto
Facundo Campazzo,1630267,Facundo Campazzo
Francisco Garcia,101128,Francisco Garcia
Franz Wagner,1630532,Franz Wagner
Fred Hoiberg,697,Fred Hoiberg
Fred VanVleet,1627832,Fred VanVleet
Furkan Aldemir,203128,Furkan Aldemir
Gabe Pruitt,201172,Gabe Pruitt
Gabe Vincent,1629216,Gabe Vincent
Garrett Temple,202066,Garrett Temple
Gary Harris,203914,Gary Harris
Gary Payton,56,Gary Payton
Gary Trent Jr.,1629018,Gary Trent Jr.
George Hill,201588,George Hill
Gerald Green,101123,Gerald Green
Gerald Wallace,2222,Gerald Wallace
Giannis Antetokounmpo,203507,Giannis Antetokounmpo
Gilbert Arenas,2240,Gilbert Arenas
Glen Davis,201175,Glen Davis
Goga Bitadze,1629048,Goga Bitadze
Goran Dragic,201609,Goran Dragic
Gordan Giricek,1921,Gordan Giricek
Gordon Hayward,202330,Gordon Hayward
Grant Hill,255,Grant Hill
Grant Williams,1629684,Grant Williams
Greg Buckner,1761,Greg Buckner
Greg Monroe,202328,Greg Monroe
Greg Oden,201141,Greg Oden
Greivis Vasquez,202349,Greivis Vasquez
Gustavo Ayon,202970,Gustavo Ayon
Hakim Warrick,101124,Hakim Warrick
Hamidou Diallo,1628977,Hamidou Diallo
Harrison Barnes,203084,Harrison Barnes
Hassan Whiteside,202355,Hassan Whiteside
Hedo Turkoglu,2045,Hedo Turkoglu
Henry Ellenson,1627740,Henry Ellenson
Herb Jones,1630529,Herbert Jones
Hilton Armstrong,200756,Hilton Armstrong
Iman Shumpert,202697,Iman Shumpert
Ira Newble,1956,Ira Newble
Isaac Bonga,1629067,Isaac Bonga
Isaac Okoro,1630171,Isaac Okoro
Isaiah Canaan,203477,Isaiah Canaan
Isaiah Collier,1642268,Isaiah Collier
Isaiah Hartenstein,1628392,Isaiah Hartenstein
Isaiah Jackson,1630543,Isaiah Jackson
Isaiah Thomas,202738,Isaiah Thomas
Ish Smith,202397,Ish Smith
Ivica Zubac,1627826,Ivica Zubac
J. Redick,200755,JJ Redick
J.J. Barea,200826,J.J. Barea
J.J. Hickson,201581,JJ Hickson
J.J. Redick,200755,JJ Redick
J.R. Smith,2747,JR Smith
JJ Reddick,200755,JJ Redick
JJ Redick,200755,JJ Redick
Ja Morant,1629630,Ja Morant
JaVale McGee,201580,JaVale McGee
Jabari Parker,203953,Jabari Parker
Jabari Smith,2074,Jabari Smith
Jabari Smith Jr.,1631095,Jabari Smith Jr.
Jackie Butler,2866,Jackie Butler
Jacque Vaughn,1521,Jacque Vaughn
Jaden Hardy,1630702,Jaden Hardy
Jaden Ivey,1631093,Jaden Ivey
Jaden McDaniels,1630183,Jaden McDaniels
Jae Crowder,203109,Jae Crowder
Jahlil Okafor,1626143,Jahlil Okafor
Jaime Jaquez Jr.,1631170,Jaime Jaquez Jr.
Jake Tsakalidis,2054,Jake Tsakalidis
Jakob Poeltl,1627751,Jakob Poeltl
Jalen Brunson,1628973,Jalen Brunson
Jalen Duren,1631105,Jalen Duren
Jalen Green,1630224,Jalen Green
Jalen Johnson,1630552,Jalen Johnson
Jalen Suggs,1630591,Jalen Suggs
Jalen Williams,1631114,Jalen Williams
Jamaal Magloire,2048,Jamaal Magloire
Jamaal Tinsley,2224,Jamaal Tinsley
Jamal Crawford,2037,Jamal Crawford
Jamal Murray,1627750,Jamal Murray
Jamario Moon,200081,Jamario Moon
Jameer Nelson,2749,Jameer Nelson
James Bouknight,1630547,James Bouknight
James Harden,201935,James Harden
James Johnson,201949,James Johnson
James Jones,2592,James Jones
James Posey,1899,James Posey
James Wiseman,1630164,James Wiseman
Jan Veseley,202686,Jan Vesely
Jan Vesely,202686,Jan Vesely
Jared Butler,1630215,Jared Butler
Jared Cunningham,203099,Jared Cunningham
Jared Dudley,201162,Jared Dudley
Jared McCain,1642272,Jared McCain
Jared Sullinger,203096,Jared Sullinger
Jaren Jackson Jr.,1628991,Jaren Jackson Jr.
Jarrett Allen,1628386,Jarrett Allen
Jarrett Culver,1629633,Jarrett Culver
Jarrett Jack,101127,Jarrett Jack
Jarvis Hayes,2553,Jarvis Hayes
Jason Kapono,2574,Jason Kapono
Jason Kidd,467,Jason Kidd
Jason Richardson,2202,Jason Richardson
Jason Terry,1891,Jason Terry
Jason Thompson,201574,Jason Thompson
Jason Williams,1715,Jason Williams
Jay Williams,2398,Jay Williams
Jaylen Brown,1627759,Jaylen Brown
Jayson Tatum,1628369,Jayson Tatum
Jeff Foster,1902,Jeff Foster
Jeff Green,201145,Jeff Green
Jeff Teague,201952,Jeff Teague
Jerami Grant,203924,Jerami Grant
Jeremy Evans,202379,Jeremy Evans
Jeremy Lamb,203087,Jeremy Lamb
Jeremy Lin,202391,Jeremy Lin
Jermaine O’Neal,979,Jermaine O'Neal
Jerome Williams,966,Jerome Williams
Jerry Stackhouse,711,Jerry Stackhouse
Jerryd Bayless,201573,Jerryd Bayless
Jimmy Butler,202710,Jimmy Butler III
Joakim Noah,201149,Joakim Noah
Joan Beringer,1642866,Joan Beringer
Jodie Meeks,201975,Jodie Meeks
Joe Alexander,201570,Joe Alexander
Joe Ingles,204060,Joe Ingles
Joe Johnson,2207,Joe Johnson
Joe Smith,693,Joe Smith
Joel Embiid,203954,Joel Embiid
Joel Przybilla,2038,Joel Przybilla
Joey Dorsey,201595,Joey Dorsey
Joey Graham,101121,Joey Graham
Johan Petro,101130,Johan Petro
John Collins,1628381,John Collins
John Jenkins,203098,John Jenkins
John Salmons,2422,John Salmons
John Stockton,304,John Stockton
John Wall,202322,John Wall
Johni Broome,1641780,Johni Broome
Johnny Furphy,1642277,Johnny Furphy
Jonas Jerebko,201973,Jonas Jerebko
Jonas Valanciunas,202685,Jonas Valančiūnas
Jonathan Bender,1886,Jonathan Bender
Jonathan Isaac,1628371,Jonathan Isaac
Jonathan Kuminga,1630228,Jonathan Kuminga
Jonny Flynn,201938,Jonny Flynn
Jordan Crawford,202348,Jordan Crawford
Jordan Farmar,200770,Jordan Farmar
Jordan Poole,1629673,Jordan Poole
Jordan Walsh,1641775,Jordan Walsh
Jorge Garbajosa,200816,Jorge Garbajosa
Jose Alvarado,1630631,Jose Alvarado
Jose Calderon,101181,Jose Calderon
Josh Childress,2735,Josh Childress
Josh Giddey,1630581,Josh Giddey
Josh Hart,1628404,Josh Hart
Josh Howard,2572,Josh Howard
Josh Jackson,1628367,Josh Jackson
Josh McRoberts,201177,Josh McRoberts
Josh Richardson,1626196,Josh Richardson
Josh Selby,202729,Josh Selby
Josh Smith,2746,Josh Smith
Jrue Holiday,201950,Jrue Holiday
Juan Carlos Navarro,2434,Juan Carlos Navarro
Juancho Hernangomez,1627823,Juancho Hernangomez
Julius Randle,203944,Julius Randle
Justise Winslow,1626159,Justise Winslow
Jusuf Nurkic,203994,Jusuf Nurkić
Juwan Howard,436,Juwan Howard
K.J. McDaniels,203909,KJ McDaniels
Kai Jones,1630539,Kai Jones
Karl Malone,252,Karl Malone
Karl-Anthony Towns,1626157,Karl-Anthony Towns
Kasparas Jakučionis,1642857,Kasparas Jakučionis
Kawhi Leonard,202695,Kawhi Leonard
Keegan Murray,1631099,Keegan Murray
Keldon Johnson,1629640,Keldon Johnson
Kelenna Azubuike,101235,Kelenna Azubuike
Kelly Olynyk,203482,Kelly Olynyk
Kelly Oubre Jr.,1626162,Kelly Oubre Jr.
Kemba Walker,202689,Kemba Walker
Kendrick Nunn,1629134,Kendrick Nunn
Kendrick Perkins,2570,Kendrick Perkins
Kenneth Faried,202702,Kenneth Faried
Kenneth Lofton Jr.,1631254,Kenneth Lofton Jr.
Kenny Thomas,1903,Kenny Thomas
Kentavious Caldwell-Pope,203484,Kentavious Caldwell-Pope
Kenyon Martin,2030,Kenyon Martin
Keon Johnson,1630553,Keon Johnson
Kevin Durant,201142,Kevin Durant
Kevin Garnett,708,Kevin Garnett
Kevin Huerter,1628989,Kevin Huerter
Kevin Knox,1628995,Kevin Knox II
Kevin Love,201567,Kevin Love
Kevin Martin,2755,Kevin Martin
Kevin Ollie,1563,Kevin Ollie
Kevin Porter Jr.,1629645,Kevin Porter Jr.
Kevin Seraphin,202338,Kevin Seraphin
Kevin Willis,788,Kevin Willis
Kevon Looney,1626172,Kevon Looney
Keyon Dooling,2039,Keyon Dooling
Keyonte George,1641718,Keyonte George
Khaman Maluach,1642863,Khaman Maluach
Khris Middleton,203114,Khris Middleton
Kira Lewis Jr.,1630184,Kira Lewis Jr.
Kirk Hinrich,2550,Kirk Hinrich
Kirk Snyder,2745,Kirk Snyder
Klay Thompson,202691,Klay Thompson
Kobe Bryant,977,Kobe Bryant
Kosta Perovic,200785,Kosta Perovic
Kris Dunn,1627739,Kris Dunn
Kris Humphries,2743,Kris Humphries
Kristaps Porzingis,204001,Kristaps Porziņģis
Kristaps Porziņģis,204001,Kristaps Porziņģis
Kurt Thomas,703,Kurt Thomas
Kwame Brown,2198,Kwame Brown
Kyle Anderson,203937,Kyle Anderson
Kyle Filipowski,1642271,Kyle Filipowski
Kyle Korver,2594,Kyle Korver
Kyle Kuzma,1628398,Kyle Kuzma
Kyle Lowry,200768,Kyle Lowry
Kyrie Irving,202681,Kyrie Irving
LaMarcus Aldridge,200746,LaMarcus Aldridge
LaMelo Ball,1630163,LaMelo Ball
Lamar Odom,1885,Lamar Odom
Lance Stephenson,202362,Lance Stephenson
Lance Thomas,202498,Lance Thomas
Landry Fields,202361,Landry Fields
Larry Hughes,1716,Larry Hughes
Larry Nance Jr.,1626204,Larry Nance Jr.
Larry Sanders,202336,Larry Sanders
Latrell Sprewell,84,Latrell Sprewell
Lauri Markkanen,1628374,Lauri Markkanen
Lazar Hayward,202351,Lazar Hayward
LeBron James,2544,LeBron James
Leandro Barbosa,2571,Leandro Barbosa
Leonard Miller,1631159,Leonard Miller
Liam McNeeley,1642862,Liam McNeeley
Linas Kleiza,101132,Linas Kleiza
Lindsey Hunter,283,Lindsey Hunter
Lonnie Walker IV,1629022,Lonnie Walker IV
Lonzo Ball,1628366,Lonzo Ball
Lou Williams,101150,Lou Williams
Louis Williams,101150,Lou Williams
Lu Dort,1629652,Luguentz Dort
Luc Mbah a Moute,201601,Luc Mbah a Moute
Luguentz Dort,1629652,Luguentz Dort
Luis Scola,2449,Luis Scola
Luka Doncic,1629029,Luka Dončić
Luka Dončić,1629029,Luka Dončić
Luka Garza,1630568,Luka Garza
Luke Harangody,202376,Luke Harangody
Luke Jackson,2739,Luke Jackson
Luke Kennard,1628379,Luke Kennard
Luke Kornet,1628436,Luke Kornet
Luke Ridnour,2557,Luke Ridnour
Luke Walton,2575,Luke Walton
Luol Deng,2736,Luol Deng
Maciej Lampe,2573,Maciej Lampe
Mackael Gelabale,101153,Mickael Gelabale
Malaki Branham,1631103,Malaki Branham
Malcolm Brogdon,1627763,Malcolm Brogdon
Manu Ginobili,1938,Manu Ginobili
MarJon Beauchamp,1630699,MarJon Beauchamp
MarShon Brooks,202705,MarShon Brooks
Marc Gasol,201188,Marc Gasol
Marcin Gortat,101162,Marcin Gortat
Marco Belinelli,201158,Marco Belinelli
Marcus Banks,2556,Marcus Banks
Marcus Camby,948,Marcus Camby
Marcus Sasser,1631204,Marcus Sasser
Marcus Smart,203935,Marcus Smart
Marcus Thornton,201977,Marcus Thornton
Mario Chalmers,201596,Mario Chalmers
Mario Hezonja,1626209,Mario Hezonja
Mario Kasun,2435,Mario Kasun
Mark Jackson,349,Mark Jackson
Mark Madsen,2058,Mark Madsen
Markelle Fultz,1628365,Markelle Fultz
Markieff Morris,202693,Markieff Morris
Marko Jaric,2060,Marko Jaric
Marquese Chris,1627737,Marquese Chriss
Marquese Chriss,1627737,Marquese Chriss
Marquis Daniels,2605,Marquis Daniels
Marreese Speights,201578,Marreese Speights
Martell Webster,101110,Martell Webster
Martynas Andriuskevicius,101149,Martynas Andriuskevicius
Marvin Bagley III,1628963,Marvin Bagley III
Marvin Williams,101107,Marvin Williams
Matas Buzelis,1641824,Matas Buzelis
Matt Barnes,2440,Matt Barnes
Matt Bonner,2588,Matt Bonner
Matt Harpring,1723,Matt Harpring
Matthew Dellavedova,203521,Matthew Dellavedova
Maurice Ager,200772,Maurice Ager
Maurice Evans,2230,Maurice Evans
Maurice Harkless,203090,Maurice Harkless
Max Strus,1629622,Max Strus
Mehmet Okur,2246,Mehmet Okur
Metta World Peace,1897,Metta World Peace
Michael Beasley,201563,Michael Beasley
Michael Carter-Williams,203487,Michael Carter-Williams
Michael Curry,688,Michael Curry
Michael Finley,714,Michael Finley
Michael Jordan,893,Michael Jordan
Michael Kidd-Gilchrist,203077,Michael Kidd-Gilchrist
Michael Porter Jr.,1629008,Michael Porter Jr.
Michael Redd,2072,Michael Redd
Michael Ruffin,1913,Michael Ruffin
Mickael Pietrus,2554,Mickael Pietrus
Mikal Bridges,1628969,Mikal Bridges
Mike Bibby,1710,Mike Bibby
Mike Conley,201144,Mike Conley
Mike Dunleavy,2399,Mike Dunleavy
Mike Dunleavy Jr.,2399,Mike Dunleavy Jr.
Mike James,2229,Mike James
Mike Miller,2034,Mike Miller
Mike Sweetney,2552,Michael Sweetney
Miles Bridges,1628970,Miles Bridges
Miles McBride,1630540,Miles McBride
Milos Teodosic,1628462,Milos Teodosic
Mirza Teletovic,203141,Mirza Teletovic
Mitchell Robinson,1629011,Mitchell Robinson
Mo Williams,2590,Mo Williams
Monta Ellis,101145,Monta Ellis
Monte Morris,1628420,Monté Morris
Montrezl Harrell,1626149,Montrezl Harrell
Moritz Wagner,1629021,Moritz Wagner
Morris Peterson,2050,Morris Peterson
Mouhamed Sene,200754,Mouhamed Sene
Myles Turner,1626167,Myles Turner
Nando De Colo,201986,Nando De Colo
Nando de Colo,201986,Nando De Colo
Nasir Little,1629642,Nassir Little
Nate Robinson,101126,Nate Robinson
Nazr Mohammed,1737,Nazr Mohammed
Nemanja Nedovic,203517,Nemanja Nedovic
Nenad Krstic,2420,Nenad Krstic
Nene,2403,Nene
Nenê,2403,Nene
Nerlens Noel,203457,Nerlens Noel
Nick Collison,2555,Nick Collison
Nick Van Exel,89,Nick Van Exel
Nick Young,201156,Nick Young
Nickeil Alexander-Walker,1629638,Nickeil Alexander-Walker
Nicolas Batum,201587,Nicolas Batum
Nicolas Claxton,1629651,Nic Claxton
Nicolo Melli,1629740,Nicolo Melli
Nikola Jokic,203999,Nikola Jokić
Nikola Jokić,203999,Nikola Jokić
Nikola Jovic,1631107,Nikola Jović
Nikola Mirotic,202703,Nikola Mirotic
Nikola Mirotić,202703,Nikola Mirotic
Nikola Pekovic,201593,Nikola Pekovic
Nikola Topic,1642260,Nikola Topić
Nikola Vucevic,202696,Nikola Vučević
Nique Clifford,1642363,Nique Clifford
Nolan Traore,1642849,Nolan Traore
Norman Powell,1626181,Norman Powell
Norris Cole,202708,Norris Cole
O.J. Mayo,201564,O.J. Mayo
OG Anunoby,1628384,OG Anunoby
Obi Toppin,1630167,Obi Toppin
Omari Spellman,1629016,Omari Spellman
Omer Asik,201600,Omer Asik
Omri Casspi,201956,Omri Casspi
Onyeka Okongwu,1630168,Onyeka Okongwu
Otto Porter,203490,Otto Porter Jr.
P.J. Brown,136,P.J. Brown
P.J. Tucker,200782,P.J. Tucker
Pablo Prigioni,203143,Pablo Prigioni
Paolo Banchero,1631094,Paolo Banchero
Pascal Siakam,1627783,Pascal Siakam
Patrick Beverley,201976,Patrick Beverley
Patrick McCaw,1627775,Patrick McCaw
Patrick Patterson,202335,Patrick Patterson
Patrick Williams,1630172,Patrick Williams
Patty Mills,201988,Patty Mills
Pau Gasol,2200,Pau Gasol
Paul Gasol,2200,Pau Gasol
Paul George,202331,Paul George
Paul Millsap,200794,Paul Millsap
Paul Pierce,1718,Paul Pierce
Pavel Podkolzin,2750,Pavel Podkolzin
Peja Stojakovic,978,Peja Stojakovic
Perry Jones,203103,Perry Jones III
Peyton Watson,1631212,Peyton Watson
Precious Achiuwa,1630173,Precious Achiuwa
Primoz Brezec,2056,Primoz Brezec
Quincy Acy,203112,Quincy Acy
R.J. Barrett,1629628,RJ Barrett
Raja Bell,1952,Raja Bell
Rajon Rondo,200765,Rajon Rondo
Ramon Sessions,201196,Ramon Sessions
Randy Foye,200751,Randy Foye
Rashad McCants,101119,Rashad McCants
Rashard Lewis,1740,Rashard Lewis
Rasheed Wallace,739,Rasheed Wallace
Rasheer Fleming,1642853,Rasheer Fleming
Ray Allen,951,Ray Allen
Raymond Felton,101109,Raymond Felton
Reed Sheppard,1642263,Reed Sheppard
Reggie Evans,2501,Reggie Evans
Reggie Jackson,202704,Reggie Jackson
Reggie Miller,397,Reggie Miller
Richard Hamilton,1888,Richard Hamilton
Richard Jefferson,2210,Richard Jefferson
Ricky Rubio,201937,Ricky Rubio
Robert Covington,203496,Robert Covington
Robert Horry,109,Robert Horry
Robert Swift,2741,Robert Swift
Robin Lopez,201577,Robin Lopez
Rodney Carney,200760,Rodney Carney
Rodney Hood,203918,Rodney Hood
Rodney Stuckey,201155,Rodney Stuckey
Rodrigue Beaubois,201958,Rodrigue Beaubois
Roger Mason,2427,Roger Mason Jr.
Ron Artest,1897,Metta World Peace
Ron Holland II,1641842,Ronald Holland II
Ronald Murray,2436,Flip Murray
Ronnie Brewer,200758,Ronnie Brewer
Ronnie Price,101179,Ronnie Price
Roy Hibbert,201579,Roy Hibbert
Royce O’Neale,1626220,Royce O'Neale
Ruben Patterson,1739,Ruben Patterson
Rudy Fernandez,201164,Rudy Fernandez
Rudy Gay,200752,Rudy Gay
Rudy Gobert,203497,Rudy Gobert
Russell Westbrook,201566,Russell Westbrook
Ryan Anderson,201583,Ryan Anderson
Ryan Bowen,1763,Ryan Bowen
Ryan Gomes,101155,Ryan Gomes
Ryan Kalkbrenner,1641750,Ryan Kalkbrenner
Saddiq Bey,1630180,Saddiq Bey
Salim Stoudamire,101136,Salim Stoudamire
Sam Cassell,208,Sam Cassell
Samuel Dalembert,2223,Samuel Dalembert
Sarunas Jasikevicius,101180,Sarunas Jasikevicius
Sasha Pavlovic,2562,Sasha Pavlovic
Sasha Vezenkov,1628426,Sasha Vezenkov
Sasha Vujacic,2756,Sasha Vujacic
Scoot Henderson,1630703,Scoot Henderson
Scottie Barnes,1630567,Scottie Barnes
Scottie Pippen,937,Scottie Pippen
Sean May,101118,Sean May
Sean Williams,201157,Sean Williams
Sebastian Telfair,2742,Sebastian Telfair
Sefolosha,200757,Thabo Sefolosha
Serge Ibaka,201586,Serge Ibaka
Sergio Rodriguez,200771,Sergio Rodriguez
Seth Curry,203552,Seth Curry
Shabazz Muhammed,203498,Shabazz Muhammad
Shaedon Sharpe,1631101,Shaedon Sharpe
Shai Gilgeous-Alexander,1628983,Shai Gilgeous-Alexander
Shane Battier,2203,Shane Battier
Shane Larkin,203499,Shane Larkin
Shaquille O’Neal,406,Shaquille O'Neal
Shareef Abdur-Rahim,949,Shareef Abdur-Rahim
Shaun Livingston,2733,Shaun Livingston
Shawn Marion,1890,Shawn Marion
Shelden Williams,200749,Shelden Williams
Skal Labissiere,1627746,Skal Labissiere
Skylar Mays,1630219,Skylar Mays
Solomon Hill,203524,Solomon Hill
Speedy Claxton,2049,Speedy Claxton
Spencer Dinwiddie,203915,Spencer Dinwiddie
Spencer Hawes,201150,Spencer Hawes
Stanley Johnson,1626169,Stanley Johnson
Stephen Curry,201939,Stephen Curry
Stephen Jackson,1536,Stephen Jackson
Stephon Castle,1642264,Stephon Castle
Stephon Marbury,950,Stephon Marbury
Steve Blake,2581,Steve Blake
Steve Francis,1883,Steve Francis
Steve Nash,959,Steve Nash
Steve Novak,200779,Steve Novak
Steve Smith,120,Steve Smith
Steven Adams,203500,Steven Adams
Stromile Swift,2031,Stromile Swift
Svi Mykhailiuk,1629004,Svi Mykhailiuk
T.J. Ford,2551,T.J. Ford
T.J. McConnell,204456,T.J. McConnell
T.J. Warren,203933,T.J. Warren
Taelon Peter,1643007,Taelon Peter
Taj Gibson,201959,Taj Gibson
Tari Eason,1631106,Tari Eason
Tayshaun Prince,2419,Tayshaun Prince
Terance Mann,1629611,Terance Mann
Terrance Ferguson,1628390,Terrance Ferguson
Terrence Jones,203093,Terrence Jones
Terrence Ross,203082,Terrence Ross
Terrence Shannon Jr.,1630545,Terrence Shannon Jr.
Terrence Williams,201944,Terrence Williams
Terry Rozier,1626179,Terry Rozier
Thabo Sefolosha,200757,Thabo Sefolosha
Thaddeus Young,201152,Thaddeus Young
Theo Maledon,1630177,Theo Maledon
Theo Ratliff,689,Theo Ratliff
Thomas Robinson,203080,Thomas Robinson
Thon Maker,1627748,Thon Maker
Théo Maledon,1630177,Theo Maledon
Tiago Splitter,201168,Tiago Splitter
Tim Duncan,1495,Tim Duncan
Timofey Mozgov,202389,Timofey Mozgov
Tobias Harris,202699,Tobias Harris
Tomas Satoransky,203107,Tomas Satoransky
Tony Allen,2754,Tony Allen
Tony Parker,2225,Tony Parker
Toumani Camara,1641739,Toumani Camara
Tracy McGrady,1503,Tracy McGrady
Trae Young,1629027,Trae Young
Travis Diener,101143,Travis Diener
Travis Outlaw,2566,Travis Outlaw
Tre Johnson,1642848,Tre Johnson
Trenton Hassell,2239,Trenton Hassell
Trevor Ariza,2772,Trevor Ariza
Trevor Booker,202344,Trevor Booker
Trey Burke,203504,Trey Burke
Trey Lyles,1626168,Trey Lyles
Trey Murphy III,1630530,Trey Murphy III
Tristan Thompson,202684,Tristan Thompson
Troy Bell,2559,Troy Bell
Ty Lawson,201951,Ty Lawson
Tyler Hansbrough,201946,Tyler Hansbrough
Tyler Herro,1629639,Tyler Herro
Tyler Johnson,204020,Tyler Johnson
Tyreke Evans,201936,Tyreke Evans
Tyrese Haliburton,1630169,Tyrese Haliburton
Tyrese Martin,1631213,Tyrese Martin
Tyrese Maxey,1630178,Tyrese Maxey
Tyrus Thomas,200748,Tyrus Thomas
Tyson Chandler,2199,Tyson Chandler
Tyus Jones,1626145,Tyus Jones
Udonis Haslem,2617,Udonis Haslem
VJ Edgecombe,1642845,VJ Edgecombe
Vasilije Micic,203995,Vasilije Micic
Vasilije Micić,203995,Vasilije Micic
Vassilis Spanoulis,2779,Vassilis Spanoulis
Vernon Carey Jr.,1630176,Vernon Carey Jr.
Victor Oladipo,203506,Victor Oladipo
Victor Wembanyama,1641705,Victor Wembanyama
Vin Baker,452,Vin Baker
Vince Carter,1713,Vince Carter
Vlade Divac,124,Vlade Divac
Vladimir Radmanovic,2209,Vladimir Radmanovic
Voshon Lenard,702,Voshon Lenard
Wally Szczerbiak,1887,Wally Szczerbiak
Walter Clayton Jr.,1642383,Walter Clayton Jr.
Wendell Carter Jr.,1628976,Wendell Carter Jr.
Wes Matthews,77484,Wes Matthews
Wesley Johnson,202325,Wesley Johnson
Wesley Matthews,202083,Wesley Matthews
Will Barton,203115,Will Barton
Willie Green,2584,Willie Green
Willy Hernangomez,1626195,Willy Hernangomez
Xavier Henry,202333,Xavier Henry
Yakhouba Diawara,200821,Yakhouba Diawara
Yao Ming,2397,Yao Ming
Yi Jianlian,201146,Yi Jianlian
Yuta Tabuse,2657,Yuta Tabuse
Zaccharie Risacher,1642258,Zaccharie Risacher
Zach Collins,1628380,Zach Collins
Zach Edey,1641744,Zach Edey
Zach LaVine,203897,Zach LaVine
Zach Randolph,2216,Zach Randolph
Zarko Cabarkapa,2560,Zarko Cabarkapa
Zaza Pachulia,2585,Zaza Pachulia
Zion Williamson,1629627,Zion Williamson
Zoran Dragic,204054,Zoran Dragic
Zoran Planinic,2565,Zoran Planinic
Zydrunas Ilgauskas,980,Zydrunas Ilgauskas
